url,clicks,impressions,ctr,avg_position,prev_clicks,prev_impressions,prev_ctr,prev_avg_position,data_source
http://www.allcheck.biz/,62,2487,2.49%,3.71,78,2270,3.44%,3.82,GSC (real export)
https://allcheck.biz/,59,8719,0.68%,29.95,78,6192,1.26%,26.74,GSC (real export)
https://allcheck.biz/pricing/,9,827,1.09%,12.51,7,779,0.9%,10.05,GSC (real export)
https://allcheck.biz/about-us/,6,528,1.14%,5.29,7,605,1.16%,6.21,GSC (real export)
https://allcheck.biz/complete-home-inspection-fishers-indiana/,4,2708,0.15%,13.58,5,1619,0.31%,11.97,GSC (real export)
https://allcheck.biz/complete-home-inspection-greenwood-indiana/,3,481,0.62%,13.09,0,130,0%,10.76,GSC (real export)
https://allcheck.biz/complete-home-inspection-carmel-indiana/,1,3326,0.03%,13.6,3,2807,0.11%,12.48,GSC (real export)
https://allcheck.biz/avon-indiana/,1,1047,0.1%,11.38,0,73,0%,11.26,GSC (real export)
https://allcheck.biz/services/,1,751,0.13%,7.75,5,750,0.67%,8.41,GSC (real export)
https://allcheck.biz/standards-of-practice/,1,355,0.28%,16.81,1,363,0.28%,15.14,GSC (real export)
https://allcheck.biz/wp-content/uploads/2024/11/squeaky_floors_web-1.pdf,1,232,0.43%,6.68,1,127,0.79%,4.8,GSC (real export)
https://allcheck.biz/wp-content/uploads/2024/11/siding_web.pdf,1,173,0.58%,14.08,4,661,0.61%,11.72,GSC (real export)
https://allcheck.biz/what-to-expect-at-inspection/,1,43,2.33%,30.63,3,38,7.89%,10.68,GSC (real export)
https://allcheck.biz/radon-testing/,0,2543,0%,23.99,0,1349,0%,24.39,GSC (real export)
https://allcheck.biz/complete-home-inspection-noblesville-indiana/,0,1526,0%,14.44,2,1156,0.17%,14.28,GSC (real export)
https://allcheck.biz/mold-and-mildew-testing/,0,1269,0%,35.92,0,556,0%,39.24,GSC (real export)
https://allcheck.biz/services/complete-home-inspection/,0,781,0%,37.17,2,565,0.35%,26.84,GSC (real export)
https://allcheck.biz/contact-us/,0,712,0%,13.75,1,791,0.13%,9.41,GSC (real export)
https://allcheck.biz/complete-home-inspection-central-indiana/,0,684,0%,12.19,0,810,0%,12.58,GSC (real export)
https://allcheck.biz/agents/,0,552,0%,10.01,1,528,0.19%,8.33,GSC (real export)
https://allcheck.biz/glossary-of-terms/,0,448,0%,17.81,0,290,0%,17.95,GSC (real export)
https://allcheck.biz/water-testing/,0,426,0%,40.19,0,14,0%,28.36,GSC (real export)
https://www.allcheck.biz/contact-us,0,219,0%,11.67,0,298,0%,11.88,GSC (real export)
https://allcheck.biz/sample-inspection-agreement/,0,136,0%,40.16,0,39,0%,25.64,GSC (real export)
https://allcheck.biz/testimonials/,0,121,0%,7.52,1,104,0.96%,7.47,GSC (real export)
https://allcheck.biz/complete-home-inspection/,0,114,0%,41.37,1,115,0.87%,26.9,GSC (real export)
https://allcheck.biz/services/home-maintenance-inspection/,0,95,0%,13.78,0,55,0%,17.85,GSC (real export)
https://allcheck.biz/septic-system-testing/,0,89,0%,20.69,1,179,0.56%,19.53,GSC (real export)
https://allcheck.biz/wiki/complete-home-inspection/,0,77,0%,16.64,0,64,0%,14.16,GSC (real export)
https://allcheck.biz/termite-inspection/,0,56,0%,33.98,0,76,0%,31.33,GSC (real export)
https://allcheck.biz/services/light-commercial-inspection/,0,56,0%,44.02,0,41,0%,27.34,GSC (real export)
https://allcheck.biz/wp-content/uploads/2024/11/just_fix_it_web.pdf,0,48,0%,11.71,0,23,0%,8.13,GSC (real export)
https://allcheck.biz/be-an-informed-buyer/,0,47,0%,26.02,0,39,0%,18.79,GSC (real export)
https://allcheck.biz/environmental-testing/,0,46,0%,39.37,0,33,0%,42.91,GSC (real export)
https://allcheck.biz/terms-of-service/,0,36,0%,32.31,0,16,0%,44.62,GSC (real export)
https://allcheck.biz/faq/,0,35,0%,16.63,0,29,0%,21.62,GSC (real export)
https://allcheck.biz/careers/,0,33,0%,22.85,0,50,0%,15.7,GSC (real export)
https://allcheck.biz/electrical-safety-tips-every-homeowner-needs-to-know/,0,32,0%,44.41,0,40,0%,25.88,GSC (real export)
https://allcheck.biz/wp-content/uploads/2024/11/soot_web.pdf,0,26,0%,14.81,0,42,0%,16,GSC (real export)
https://allcheck.biz/allcheck-wiki/,0,22,0%,26,0,22,0%,25.86,GSC (real export)
https://allcheck.biz/wp-content/uploads/2024/11/finding_studs_web-1.pdf,0,20,0%,1.25,1,134,0.75%,3.54,GSC (real export)
https://allcheck.biz/new-construction-phased/,0,20,0%,7.3,0,40,0%,6.42,GSC (real export)
https://allcheck.biz/useful-information/,0,20,0%,22.15,0,16,0%,16.31,GSC (real export)
https://allcheck.biz/indoor-air-quality-testing/,0,18,0%,31.78,0,15,0%,54.73,GSC (real export)
https://allcheck.biz/be-an-informed-seller/,0,18,0%,37,0,11,0%,39.73,GSC (real export)
https://allcheck.biz/preparing-your-home-for-summer-a-comprehensive-inspection-checklist/,0,17,0%,11.53,0,20,0%,5.55,GSC (real export)
https://allcheck.biz/services/investor-services/,0,16,0%,13.81,0,22,0%,17.36,GSC (real export)
https://allcheck.biz/drinking-water-information/,0,15,0%,14.13,0,5,0%,16.6,GSC (real export)
https://allcheck.biz/wiki_cats/allcheck-services/,0,13,0%,10.92,0,32,0%,2.44,GSC (real export)
https://allcheck.biz/energy-saving-upgrades/,0,13,0%,27,0,254,0%,3.82,GSC (real export)
https://allcheck.biz/create-a-repair-list/,0,13,0%,48.85,0,9,0%,32.11,GSC (real export)
https://allcheck.biz/wp-content/uploads/2024/11/replace_roof_web.pdf,0,10,0%,14.8,1,25,4%,13.4,GSC (real export)
https://allcheck.biz/services/reinspection/,0,10,0%,20.4,0,21,0%,22.24,GSC (real export)
https://allcheck.biz/news/,0,10,0%,37.7,0,1,0%,3,GSC (real export)
https://allcheck.biz/services/environmental-testing-2/,0,9,0%,63.44,0,0,0%,0,GSC (real export)
https://allcheck.biz/is-your-home-ready-for-summer/,0,8,0%,29.62,0,34,0%,13.24,GSC (real export)
https://allcheck.biz/4-point-inspection/,0,8,0%,55.38,0,7,0%,28.71,GSC (real export)
https://allcheck.biz/services/end-of-builders-warranty/,0,6,0%,50.5,0,7,0%,37,GSC (real export)
https://allcheck.biz/radon-information/,0,5,0%,7.2,0,1,0%,13,GSC (real export)
https://allcheck.biz/sample-report/,0,5,0%,67,0,4,0%,11.5,GSC (real export)
https://allcheck.biz/mold-and-mildew/,0,4,0%,18.5,0,7,0%,20.43,GSC (real export)
https://allcheck.biz/services/new-construction-phased/,0,4,0%,46.25,0,4,0%,35.5,GSC (real export)
https://allcheck.biz/category/services/,0,3,0%,37,0,1,0%,11,GSC (real export)
https://allcheck.biz/privacy-policy/,0,3,0%,59.67,0,3,0%,55.33,GSC (real export)
https://allcheck.biz/home-maintenance-tips/,0,3,0%,70.67,0,1,0%,1,GSC (real export)
https://allcheck.biz/limited-warranty/,0,2,0%,5,0,2,0%,6.5,GSC (real export)
https://allcheck.biz/termites/,0,2,0%,7.5,0,5,0%,17.6,GSC (real export)
https://allcheck.biz/wp-content/uploads/2024/11/ice_dam_web.pdf,0,2,0%,7.5,0,0,0%,0,GSC (real export)
https://allcheck.biz/wp-content/uploads/2024/11/prepare_inspection.pdf#page=1,0,1,0%,1,0,0,0%,0,GSC (real export)
https://allcheck.biz/wp-content/uploads/2024/11/attic_web.pdf,0,1,0%,8,1,3,33.33%,10.67,GSC (real export)
https://allcheck.biz/wiki/radon-a-critical-concern-in-home-inspections/,0,1,0%,11,0,2,0%,8,GSC (real export)
https://allcheck.biz/service-areas/,0,1,0%,83,0,2,0%,6.5,GSC (real export)
https://allcheck.biz/services/environmental-testing-2/?utm_source=rss&utm_medium=rss&utm_campaign=environmental-testing-2,0,0,0%,0,0,23,0%,29.39,GSC (real export)
https://www.allcheck.biz/,0,0,0%,0,0,1,0%,1,GSC (real export)
